Title,Price
"Apple iPhone 14 Pro Max 256GB Violet Intense 6,7"" Deep Purple 6Gb RAM Dynamic Island","15,577.00 Dhs"
"Apple iPhone 15 Pro 128GB Titane Bleu 6,1"" Bouton Action A17 Pro 8GB RAM iOS 17 Siri","16,977.00 Dhs"
"Apple iPhone 14 128GB Minuit 6,1"" Midnight A15 IOS Mode Action & SOS 6Gb RAM Garantie","9,277.00 Dhs"
"Apple iPhone 15 Plus 128GB Bleu 6,7"" Blue Dynamic Island A16 Bionic 48 Mpx 6Gb RAM","13,477.00 Dhs"
"Apple iPhone 15 Pro ( 512 Go / 8 Go ) - Titane Noir - Bionic A17 Pro - OLED 6.1"" - NEW","18,999.00 Dhs"
"Apple iPhone 15 128GB Noir 6,1"" Black Dynamic Island A16 Bionic iOS 48 Mpx 6Gb RAM","11,775.00 Dhs"
"Apple iPhone 15 Plus 256GB Vert 6,7"" Green Dynamic Island A16 Bionic 48 Mpx 6Gb RAM","14,477.00 Dhs"
"Apple iPhone 15 Pro Max 512GB Titane Naturel 6,7"" Bouton Action A17 Pro 8GB RAM iOS 17","23,477.00 Dhs"
"Apple iPhone 15 Plus 256GB Rose 6,7"" Pink Dynamic Island A16 Bionic 48 Mpx 6Gb RAM","14,477.00 Dhs"
"Apple iPhone 15 Plus 256GB Noir 6,7"" Black Dynamic Island A16 Bionic 48 Mpx 6Gb RAM","14,477.00 Dhs"
"Apple iPhone 15 Plus 256GB Bleu 6,7"" Blue Dynamic Island A16 Bionic 48 Mpx 6Gb RAM","14,477.00 Dhs"
"Apple iPhone 13 128GB Lumière Stellaire 6,1"" Starlight 5G A15 IOS Cinematique 4Gb RAM","8,977.00 Dhs"
"Apple iPhone 14 Pro 128GB Violet Intense 6,1"" Deep Purple 6Gb RAM A16 Dynamic Island","13,377.00 Dhs"
"Apple iPhone 15 256GB Bleu 6,1"" Blue Dynamic Island A16 Bionic iOS 48 Mpx 6Gb RAM Siri","13,477.00 Dhs"
"Apple iPhone 14 Pro Max 256GB Argent 6,7"" Silver 6Gb RAM iOS Siri Dynamic Island 48MP","15,279.30 Dhs"
"Apple iPhone 15 128GB Bleu 6,1"" Blue Dynamic Island A16 Bionic iOS 48 Mpx 6Gb RAM Siri","12,477.00 Dhs"
"Apple iPhone 14 128GO Jaune 6,1"" Yellow A15 IOS Mode Action & SOS 6Gb RAM Garantie","10,677.00 Dhs"
"Apple iPhone 14 normal 128GB Minuit 6,1"" Midnight Bionic A15 6Gb RAM Garantie","9,599.00 Dhs"
"Apple iPhone 15 Plus 128GB Vert 6,7"" Green Dynamic Island A16 Bionic 48 Mpx 6Gb RAM","13,477.00 Dhs"
Apple iPhone SE 2é Génération 2020 ( 64 Go / 3 Go Ram ) Silver - A13 Bionic - NEW,"3,799.00 Dhs"
"Apple iPhone 15 Pro 256GB Titane Noir 6,1"" Bouton Action A17 Pro 8GB RAM iOS 17 Siri","17,977.00 Dhs"
"Apple iPhone 14 128GB Rouge 6,1"" Red A15 iOS Mode Action & SOS 6Gb RAM Siri Garantie","9,609.30 Dhs"
"Apple iPhone 14 Plus Noir (512 Go, 6 Go Ram) Midnight 6,7"" A15 IOS Mode Action - Neuf","11,299.00 Dhs"
"Apple iPhone 15 128GB Rose 6,1"" Pink Dynamic Island A16 Bionic iOS 48 Mpx 6Gb RAM Siri","12,477.00 Dhs"
"Apple iPhone 11 normal - écran  6.1"" - 4Go RAM + 64Go ROM - Noir - Remis à Neuf","4,750.00 Dhs"
"Apple iPhone 14 Plus Purple (512 Go, 6 Go Ram) Mauve 6,7"" A15 IOS Mode Action - Neuf","11,299.00 Dhs"
"Apple iPhone 13 128GB Vert 6,1"" Green 5G A15 IOS Mode Cinematique 4Gb RAM Garantie 1an","9,069.30 Dhs"
"Apple iPhone 14 Pro Max 256GB Noir Sideral 6,7"" Space Black 6Gb RAM iOS Dynamic Island","15,477.00 Dhs"
"Apple iPhone 14 Pro 128GB Noir Sideral 6,1"" Space Black 6Gb RAM A16 iOS Dynamic Island","12,777.00 Dhs"
"Apple iPhone 14 Pro 256GB Or 6,1"" Gold 6Gb RAM A16 iOS Dynamic Island Siri Camera 48MP","14,377.00 Dhs"
"Apple iPhone 11 128GB Noir 6,1"" Black A13 Bionic iOS Retina HD 4GB RAM Garantie 1 an","6,729.30 Dhs"
"Apple iPhone 14 Pro Max 128GB Violet Intense 6,7"" Deep Purple 6Gb RAM Dynamic Island","14,577.00 Dhs"
"Apple iPhone 11 64GB Blanc 6,1"" White A13 Bionic iOS Retina HD 4GB RAM Garantie 1 an","5,829.30 Dhs"
"Apple iPhone 13 128GB Rose 6,1"" Pink 5G A15 IOS Mode Cinematique 4Gb RAM Garantie 1 an","9,377.00 Dhs"
"Apple iPhone 13 128GB Bleu 6,1"" Blue 5G A15 IOS Mode Cinematique 4Gb RAM Garantie 1 an","9,377.00 Dhs"
"Apple iPhone 12 64GB 6,1"" Couleur Noir Black 5G Magsafe A14 4Gb RAM iOS Garantie 1 an","7,977.00 Dhs"
"Apple iPhone 11 64GB Noir 6,1"" Black A13 Bionic iOS Retina HD 4GB RAM Garantie 1 an","5,829.30 Dhs"
"Apple iPhone 8 Plus - 3Go + 64 Go - Gold (Or) - 5.5"" - A11 Bionic - Remis à neuf","3,199.00 Dhs"
"Apple iPhone 14 Plus Noir (128 Go, 6 Go Ram) Midnight 6,7"" A15 IOS Mode Action - Neuf","10,399.00 Dhs"
"Apple iPhone 13 128GB Rouge 6,1"" Red 5G A15 IOS Mode Cinematique 4Gb RAM Garantie 1 an","9,377.00 Dhs"
